Success is not final, failure is not fatal: it is the courage to continue that counts.
To each, there comes in their lifetime a special moment when they are figuratively tapped on the shoulder and offered the chance to do a very special thing, unique to them and their talents.
If you're going through hell, keep going.
To improve is to change; to be perfect is to change often.
Courage is what it takes to stand up and speak; courage is also what it takes to sit down and listen.
You have enemies? Good. That means you've stood up for something, sometime in your life.
A pessimist sees the difficulty in every opportunity; an optimist sees the opportunity in every difficulty.
The price of greatness is responsibility.
We make a living by what we get, but we make a life by what we give.
Attitude is a little thing that makes a big difference.
The farther backward you can look, the farther forward you are likely to see.
Success consists of going from failure to failure without loss of enthusiasm.
Never give in—never, never, never, never, in nothing great or small, large or petty—never give in except to convictions of honor and good sense.
It is a mistake to try to look too far ahead. The chain of destiny can only be grasped one link at a time.
You will never reach your destination if you stop and throw stones at every dog that barks.
A lie gets halfway around the world before the truth has a chance to get its pants on.
I have nothing to offer but blood, toil, tears, and sweat.
My tastes are simple: I am easily satisfied with the best.
Never in the field of human conflict was so much owed by so many to so few.
We are masters of the unsaid words, but slaves of those we let slip out.
The best argument against democracy is a five-minute conversation with the average voter.
History will be kind to me for I intend to write it.
The greatest lesson in life is to know that even fools are right sometimes.
Out of intense complexities, intense simplicities emerge.
Difficulties mastered are opportunities won.
We shall not flag or fail. We shall go on to the end.
An appeaser is one who feeds a crocodile, hoping it will eat him last.
A joke is a very serious thing.
When the eagles are silent, the parrots begin to jabber.
The empires of the future are the empires of the mind.
To each, there is a special moment where they are offered the chance to do something truly unique.
A fanatic is one who can't change his mind and won't change the subject.
We shape our dwellings, and afterwards our dwellings shape us.
There is no time for ease and comfort. It is time to dare and endure.
We sleep safely at night because rough men stand ready to visit violence on those who would harm us.
No one pretends that democracy is perfect. It has been said that democracy is the worst form of government except for all those other forms.
To jaw-jaw is always better than to war-war.
Criticism may not be agreeable, but it is necessary. It fulfills the same function as pain in the human body.
It is wonderful what great strides can be made when there is a resolute purpose behind them.
The problems of victory are more agreeable than those of defeat, but they are no less difficult.
Broadly speaking, the short words are the best, and the old words best of all.
Every man should ask himself each day whether he is not too readily accepting negative solutions.
Continuous effort—not strength or intelligence—is the key to unlocking our potential.
Solitary trees, if they grow at all, grow strong.
Kites rise highest against the wind, not with it.
There is something about the outside of a horse that is good for the inside of a man.
The truth is incontrovertible. Malice may attack it, ignorance may deride it, but in the end, there it is.
Difficulties are just things to overcome, after all.
Nothing in life is so exhilarating as to be shot at without result.
You create your own universe as you go along.
Success is not final, failure is not fatal: it is the courage to continue that counts.
To each, there comes in their lifetime a special moment when they are figuratively tapped on the shoulder and offered the chance to do a very special thing, unique to them and their talents.
If you're going through hell, keep going.
To improve is to change; to be perfect is to change often.
Courage is what it takes to stand up and speak; courage is also what it takes to sit down and listen.
You have enemies? Good. That means you've stood up for something, sometime in your life.
A pessimist sees the difficulty in every opportunity; an optimist sees the opportunity in every difficulty.
The price of greatness is responsibility.
We make a living by what we get, but we make a life by what we give.
Attitude is a little thing that makes a big difference.
The farther backward you can look, the farther forward you are likely to see.
Success consists of going from failure to failure without loss of enthusiasm.
Never give in—never, never, never, never, in nothing great or small, large or petty—never give in except to convictions of honor and good sense.
It is a mistake to try to look too far ahead. The chain of destiny can only be grasped one link at a time.
You will never reach your destination if you stop and throw stones at every dog that barks.
A lie gets halfway around the world before the truth has a chance to get its pants on.
I have nothing to offer but blood, toil, tears, and sweat.
My tastes are simple: I am easily satisfied with the best.
Never in the field of human conflict was so much owed by so many to so few.
We are masters of the unsaid words, but slaves of those we let slip out.
The best argument against democracy is a five-minute conversation with the average voter.
History will be kind to me for I intend to write it.
The greatest lesson in life is to know that even fools are right sometimes.
Out of intense complexities, intense simplicities emerge.
Difficulties mastered are opportunities won.
We shall not flag or fail. We shall go on to the end.
An appeaser is one who feeds a crocodile, hoping it will eat him last.
A joke is a very serious thing.
When the eagles are silent, the parrots begin to jabber.
The empires of the future are the empires of the mind.
To each, there is a special moment where they are offered the chance to do something truly unique.
A fanatic is one who can't change his mind and won't change the subject.
We shape our dwellings, and afterwards our dwellings shape us.
There is no time for ease and comfort. It is time to dare and endure.
We sleep safely at night because rough men stand ready to visit violence on those who would harm us.
No one pretends that democracy is perfect. It has been said that democracy is the worst form of government except for all those other forms.
To jaw-jaw is always better than to war-war.
Criticism may not be agreeable, but it is necessary. It fulfills the same function as pain in the human body.
It is wonderful what great strides can be made when there is a resolute purpose behind them.
The problems of victory are more agreeable than those of defeat, but they are no less difficult.
Broadly speaking, the short words are the best, and the old words best of all.
Every man should ask himself each day whether he is not too readily accepting negative solutions.
Continuous effort—not strength or intelligence—is the key to unlocking our potential.
Solitary trees, if they grow at all, grow strong.
Kites rise highest against the wind, not with it.
There is something about the outside of a horse that is good for the inside of a man.
The truth is incontrovertible. Malice may attack it, ignorance may deride it, but in the end, there it is.
Difficulties are just things to overcome, after all.
Nothing in life is so exhilarating as to be shot at without result.
You create your own universe as you go along.
Success is not final, failure is not fatal: it is the courage to continue that counts.
To each, there comes in their lifetime a special moment when they are figuratively tapped on the shoulder and offered the chance to do a very special thing, unique to them and their talents.
If you're going through hell, keep going.
To improve is to change; to be perfect is to change often.
Courage is what it takes to stand up and speak; courage is also what it takes to sit down and listen.
You have enemies? Good. That means you've stood up for something, sometime in your life.
A pessimist sees the difficulty in every opportunity; an optimist sees the opportunity in every difficulty.
The price of greatness is responsibility.
We make a living by what we get, but we make a life by what we give.
Attitude is a little thing that makes a big difference.
The farther backward you can look, the farther forward you are likely to see.
Success consists of going from failure to failure without loss of enthusiasm.
Never give in—never, never, never, never, in nothing great or small, large or petty—never give in except to convictions of honor and good sense.
It is a mistake to try to look too far ahead. The chain of destiny can only be grasped one link at a time.
You will never reach your destination if you stop and throw stones at every dog that barks.
A lie gets halfway around the world before the truth has a chance to get its pants on.
I have nothing to offer but blood, toil, tears, and sweat.
My tastes are simple: I am easily satisfied with the best.
Never in the field of human conflict was so much owed by so many to so few.
We are masters of the unsaid words, but slaves of those we let slip out.
The best argument against democracy is a five-minute conversation with the average voter.
History will be kind to me for I intend to write it.
The greatest lesson in life is to know that even fools are right sometimes.
Out of intense complexities, intense simplicities emerge.
Difficulties mastered are opportunities won.
We shall not flag or fail. We shall go on to the end.
An appeaser is one who feeds a crocodile, hoping it will eat him last.
A joke is a very serious thing.
When the eagles are silent, the parrots begin to jabber.
The empires of the future are the empires of the mind.
To each, there is a special moment where they are offered the chance to do something truly unique.
A fanatic is one who can't change his mind and won't change the subject.
We shape our dwellings, and afterwards our dwellings shape us.
There is no time for ease and comfort. It is time to dare and endure.
We sleep safely at night because rough men stand ready to visit violence on those who would harm us.
No one pretends that democracy is perfect. It has been said that democracy is the worst form of government except for all those other forms.
To jaw-jaw is always better than to war-war.
Criticism may not be agreeable, but it is necessary. It fulfills the same function as pain in the human body.
It is wonderful what great strides can be made when there is a resolute purpose behind them.
The problems of victory are more agreeable than those of defeat, but they are no less difficult.
Broadly speaking, the short words are the best, and the old words best of all.
Every man should ask himself each day whether he is not too readily accepting negative solutions.
Continuous effort—not strength or intelligence—is the key to unlocking our potential.
Solitary trees, if they grow at all, grow strong.
Kites rise highest against the wind, not with it.
There is something about the outside of a horse that is good for the inside of a man.
The truth is incontrovertible. Malice may attack it, ignorance may deride it, but in the end, there it is.
Difficulties are just things to overcome, after all.
Nothing in life is so exhilarating as to be shot at without result.
You create your own universe as you go along.
Success is not final, failure is not fatal: it is the courage to continue that counts.
To each, there comes in their lifetime a special moment when they are figuratively tapped on the shoulder and offered the chance to do a very special thing, unique to them and their talents.
If you're going through hell, keep going.
To improve is to change; to be perfect is to change often.
Courage is what it takes to stand up and speak; courage is also what it takes to sit down and listen.
You have enemies? Good. That means you've stood up for something, sometime in your life.
A pessimist sees the difficulty in every opportunity; an optimist sees the opportunity in every difficulty.
The price of greatness is responsibility.
We make a living by what we get, but we make a life by what we give.
Attitude is a little thing that makes a big difference.
The farther backward you can look, the farther forward you are likely to see.
Success consists of going from failure to failure without loss of enthusiasm.
Never give in—never, never, never, never, in nothing great or small, large or petty—never give in except to convictions of honor and good sense.
It is a mistake to try to look too far ahead. The chain of destiny can only be grasped one link at a time.
You will never reach your destination if you stop and throw stones at every dog that barks.
A lie gets halfway around the world before the truth has a chance to get its pants on.
I have nothing to offer but blood, toil, tears, and sweat.
My tastes are simple: I am easily satisfied with the best.
Never in the field of human conflict was so much owed by so many to so few.
We are masters of the unsaid words, but slaves of those we let slip out.
The best argument against democracy is a five-minute conversation with the average voter.
History will be kind to me for I intend to write it.
The greatest lesson in life is to know that even fools are right sometimes.
Out of intense complexities, intense simplicities emerge.
Difficulties mastered are opportunities won.
We shall not flag or fail. We shall go on to the end.
An appeaser is one who feeds a crocodile, hoping it will eat him last.
A joke is a very serious thing.
When the eagles are silent, the parrots begin to jabber.
The empires of the future are the empires of the mind.
To each, there is a special moment where they are offered the chance to do something truly unique.
A fanatic is one who can't change his mind and won't change the subject.
We shape our dwellings, and afterwards our dwellings shape us.
There is no time for ease and comfort. It is time to dare and endure.
We sleep safely at night because rough men stand ready to visit violence on those who would harm us.
No one pretends that democracy is perfect. It has been said that democracy is the worst form of government except for all those other forms.
To jaw-jaw is always better than to war-war.
Criticism may not be agreeable, but it is necessary. It fulfills the same function as pain in the human body.
It is wonderful what great strides can be made when there is a resolute purpose behind them.
The problems of victory are more agreeable than those of defeat, but they are no less difficult.
Broadly speaking, the short words are the best, and the old words best of all.
Every man should ask himself each day whether he is not too readily accepting negative solutions.
Continuous effort—not strength or intelligence—is the key to unlocking our potential.
Solitary trees, if they grow at all, grow strong.
Kites rise highest against the wind, not with it.
There is something about the outside of a horse that is good for the inside of a man.
The truth is incontrovertible. Malice may attack it, ignorance may deride it, but in the end, there it is.
Difficulties are just things to overcome, after all.
Nothing in life is so exhilarating as to be shot at without result.
You create your own universe as you go along.
Success is not final, failure is not fatal: it is the courage to continue that counts.
To each, there comes in their lifetime a special moment when they are figuratively tapped on the shoulder and offered the chance to do a very special thing, unique to them and their talents.
If you're going through hell, keep going.
To improve is to change; to be perfect is to change often.
Courage is what it takes to stand up and speak; courage is also what it takes to sit down and listen.
You have enemies? Good. That means you've stood up for something, sometime in your life.
A pessimist sees the difficulty in every opportunity; an optimist sees the opportunity in every difficulty.
The price of greatness is responsibility.
We make a living by what we get, but we make a life by what we give.
Attitude is a little thing that makes a big difference.
The farther backward you can look, the farther forward you are likely to see.
Success consists of going from failure to failure without loss of enthusiasm.
Never give in—never, never, never, never, in nothing great or small, large or petty—never give in except to convictions of honor and good sense.
It is a mistake to try to look too far ahead. The chain of destiny can only be grasped one link at a time.
You will never reach your destination if you stop and throw stones at every dog that barks.
A lie gets halfway around the world before the truth has a chance to get its pants on.
I have nothing to offer but blood, toil, tears, and sweat.
My tastes are simple: I am easily satisfied with the best.
Never in the field of human conflict was so much owed by so many to so few.
We are masters of the unsaid words, but slaves of those we let slip out.
The best argument against democracy is a five-minute conversation with the average voter.
History will be kind to me for I intend to write it.
The greatest lesson in life is to know that even fools are right sometimes.
Out of intense complexities, intense simplicities emerge.
Difficulties mastered are opportunities won.
We shall not flag or fail. We shall go on to the end.
An appeaser is one who feeds a crocodile, hoping it will eat him last.
A joke is a very serious thing.
When the eagles are silent, the parrots begin to jabber.
The empires of the future are the empires of the mind.
To each, there is a special moment where they are offered the chance to do something truly unique.
A fanatic is one who can't change his mind and won't change the subject.
We shape our dwellings, and afterwards our dwellings shape us.
There is no time for ease and comfort. It is time to dare and endure.
We sleep safely at night because rough men stand ready to visit violence on those who would harm us.
No one pretends that democracy is perfect. It has been said that democracy is the worst form of government except for all those other forms.
To jaw-jaw is always better than to war-war.
Criticism may not be agreeable, but it is necessary. It fulfills the same function as pain in the human body.
It is wonderful what great strides can be made when there is a resolute purpose behind them.
The problems of victory are more agreeable than those of defeat, but they are no less difficult.
Broadly speaking, the short words are the best, and the old words best of all.
Every man should ask himself each day whether he is not too readily accepting negative solutions.
Continuous effort—not strength or intelligence—is the key to unlocking our potential.
Solitary trees, if they grow at all, grow strong.
Kites rise highest against the wind, not with it.
There is something about the outside of a horse that is good for the inside of a man.
The truth is incontrovertible. Malice may attack it, ignorance may deride it, but in the end, there it is.
Difficulties are just things to overcome, after all.
Nothing in life is so exhilarating as to be shot at without result.
You create your own universe as you go along.
Success is not final, failure is not fatal: it is the courage to continue that counts.
To each, there comes in their lifetime a special moment when they are figuratively tapped on the shoulder and offered the chance to do a very special thing, unique to them and their talents.
If you're going through hell, keep going.
To improve is to change; to be perfect is to change often.
Courage is what it takes to stand up and speak; courage is also what it takes to sit down and listen.
You have enemies? Good. That means you've stood up for something, sometime in your life.
A pessimist sees the difficulty in every opportunity; an optimist sees the opportunity in every difficulty.
The price of greatness is responsibility.
We make a living by what we get, but we make a life by what we give.
Attitude is a little thing that makes a big difference.
The farther backward you can look, the farther forward you are likely to see.
Success consists of going from failure to failure without loss of enthusiasm.
Never give in—never, never, never, never, in nothing great or small, large or petty—never give in except to convictions of honor and good sense.
It is a mistake to try to look too far ahead. The chain of destiny can only be grasped one link at a time.
You will never reach your destination if you stop and throw stones at every dog that barks.
A lie gets halfway around the world before the truth has a chance to get its pants on.
I have nothing to offer but blood, toil, tears, and sweat.
My tastes are simple: I am easily satisfied with the best.
Never in the field of human conflict was so much owed by so many to so few.
We are masters of the unsaid words, but slaves of those we let slip out.
The best argument against democracy is a five-minute conversation with the average voter.
History will be kind to me for I intend to write it.
The greatest lesson in life is to know that even fools are right sometimes.
Out of intense complexities, intense simplicities emerge.
Difficulties mastered are opportunities won.
We shall not flag or fail. We shall go on to the end.
An appeaser is one who feeds a crocodile, hoping it will eat him last.
A joke is a very serious thing.
When the eagles are silent, the parrots begin to jabber.
The empires of the future are the empires of the mind.
To each, there is a special moment where they are offered the chance to do something truly unique.
A fanatic is one who can't change his mind and won't change the subject.
We shape our dwellings, and afterwards our dwellings shape us.
There is no time for ease and comfort. It is time to dare and endure.
We sleep safely at night because rough men stand ready to visit violence on those who would harm us.
No one pretends that democracy is perfect. It has been said that democracy is the worst form of government except for all those other forms.
To jaw-jaw is always better than to war-war.
Criticism may not be agreeable, but it is necessary. It fulfills the same function as pain in the human body.
It is wonderful what great strides can be made when there is a resolute purpose behind them.
The problems of victory are more agreeable than those of defeat, but they are no less difficult.
Broadly speaking, the short words are the best, and the old words best of all.
Every man should ask himself each day whether he is not too readily accepting negative solutions.
Continuous effort—not strength or intelligence—is the key to unlocking our potential.
Solitary trees, if they grow at all, grow strong.
Kites rise highest against the wind, not with it.
There is something about the outside of a horse that is good for the inside of a man.
The truth is incontrovertible. Malice may attack it, ignorance may deride it, but in the end, there it is.
Difficulties are just things to overcome, after all.
Nothing in life is so exhilarating as to be shot at without result.
You create your own universe as you go along.
Success is not final, failure is not fatal: it is the courage to continue that counts.
To each, there comes in their lifetime a special moment when they are figuratively tapped on the shoulder and offered the chance to do a very special thing, unique to them and their talents.
If you're going through hell, keep going.
To improve is to change; to be perfect is to change often.
Courage is what it takes to stand up and speak; courage is also what it takes to sit down and listen.
You have enemies? Good. That means you've stood up for something, sometime in your life.
A pessimist sees the difficulty in every opportunity; an optimist sees the opportunity in every difficulty.
The price of greatness is responsibility.
We make a living by what we get, but we make a life by what we give.
Attitude is a little thing that makes a big difference.
The farther backward you can look, the farther forward you are likely to see.
Success consists of going from failure to failure without loss of enthusiasm.
Never give in—never, never, never, never, in nothing great or small, large or petty—never give in except to convictions of honor and good sense.
It is a mistake to try to look too far ahead. The chain of destiny can only be grasped one link at a time.
You will never reach your destination if you stop and throw stones at every dog that barks.
A lie gets halfway around the world before the truth has a chance to get its pants on.
I have nothing to offer but blood, toil, tears, and sweat.
My tastes are simple: I am easily satisfied with the best.
Never in the field of human conflict was so much owed by so many to so few.
We are masters of the unsaid words, but slaves of those we let slip out.
The best argument against democracy is a five-minute conversation with the average voter.
History will be kind to me for I intend to write it.
The greatest lesson in life is to know that even fools are right sometimes.
Out of intense complexities, intense simplicities emerge.
Difficulties mastered are opportunities won.
We shall not flag or fail. We shall go on to the end.
An appeaser is one who feeds a crocodile, hoping it will eat him last.
A joke is a very serious thing.
When the eagles are silent, the parrots begin to jabber.
The empires of the future are the empires of the mind.
To each, there is a special moment where they are offered the chance to do something truly unique.
A fanatic is one who can't change his mind and won't change the subject.
We shape our dwellings, and afterwards our dwellings shape us.
There is no time for ease and comfort. It is time to dare and endure.
We sleep safely at night because rough men stand ready to visit violence on those who would harm us.
No one pretends that democracy is perfect. It has been said that democracy is the worst form of government except for all those other forms.
To jaw-jaw is always better than to war-war.
Criticism may not be agreeable, but it is necessary. It fulfills the same function as pain in the human body.
It is wonderful what great strides can be made when there is a resolute purpose behind them.
The problems of victory are more agreeable than those of defeat, but they are no less difficult.
Broadly speaking, the short words are the best, and the old words best of all.
Every man should ask himself each day whether he is not too readily accepting negative solutions.
Continuous effort—not strength or intelligence—is the key to unlocking our potential.
Solitary trees, if they grow at all, grow strong.
Kites rise highest against the wind, not with it.
There is something about the outside of a horse that is good for the inside of a man.
The truth is incontrovertible. Malice may attack it, ignorance may deride it, but in the end, there it is.
Difficulties are just things to overcome, after all.
Nothing in life is so exhilarating as to be shot at without result.
You create your own universe as you go along.
Success is not final, failure is not fatal: it is the courage to continue that counts.
To each, there comes in their lifetime a special moment when they are figuratively tapped on the shoulder and offered the chance to do a very special thing, unique to them and their talents.
If you're going through hell, keep going.
To improve is to change; to be perfect is to change often.
Courage is what it takes to stand up and speak; courage is also what it takes to sit down and listen.
You have enemies? Good. That means you've stood up for something, sometime in your life.
A pessimist sees the difficulty in every opportunity; an optimist sees the opportunity in every difficulty.
The price of greatness is responsibility.
We make a living by what we get, but we make a life by what we give.
Attitude is a little thing that makes a big difference.
The farther backward you can look, the farther forward you are likely to see.
Success consists of going from failure to failure without loss of enthusiasm.
Never give in—never, never, never, never, in nothing great or small, large or petty—never give in except to convictions of honor and good sense.
It is a mistake to try to look too far ahead. The chain of destiny can only be grasped one link at a time.
You will never reach your destination if you stop and throw stones at every dog that barks.
